Date,Open,High,Low,Close,5,10,20,60,120,Volume,5,20,40,60
20200724,325000,333000,322000,324500,319600,327750,315575,268983,218213,907643,1307686,1430097,1373533,1476807
20200723,316500,329500,315000,329500,319700,330850,313075,266658,216838,1260435,1379874,1425351,1391987,1472823
20200722,310500,321500,306000,318000,318200,333450,310325,264233,215417,1159298,1516089,1407342,1422853,1463849
20200721,323500,326000,311500,316000,322100,334450,308550,261983,214117,1676630,1581713,1403439,1444269,1462422
20200720,325000,325000,310000,310000,327500,333900,306825,259808,212846,1534422,1488891,1427921,1484211,1459642
20200717,319000,327000,314000,325000,335900,332950,305025,257592,211617,1268587,1460355,1451633,1512195,1445504
20200716,332000,335500,319000,322000,342000,329850,301950,255100,210288,1941508,1720025,1434210,1527657,1444896
20200715,344000,349500,332000,337500,348700,326200,299025,252650,208988,1487417,1824424,1386192,1514338,1426859
20200714,340500,346500,340000,343000,346800,319400,295300,249892,207550,1212519,1900873,1369931,1521501,1417865
20200713,359000,361000,345000,352000,340300,311850,291300,246933,206096,1391744,1968933,1355078,1523911,1414416
20200710,351000,368000,345500,355500,330000,303400,286325,243725,204567,2566935,1959554,1362952,1507730,1398399
20200709,335000,355500,332000,355500,317700,295300,281850,240425,203033,2463503,1767066,1319054,1481659,1363455
20200708,312000,328000,305000,328000,303700,287200,277325,237183,201488,1869663,1550074,1282106,1456567,1334952
20200707,306500,318000,304000,310500,292000,282650,274025,234350,200146,1552820,1291746,1267396,1437666,1315906
20200706,298000,307500,297000,300500,283400,279750,271225,231808,198950,1344851,1106000,1231498,1437922,1302331
20200703,289500,297000,284000,294000,276800,277100,269025,229467,197821,1604493,992794,1235109,1430511,1295263
20200702,273500,285500,273000,285500,272900,274050,266875,227242,196738,1378545,834440,1205248,1425534,1281985
20200701,271500,275000,267500,269500,270700,271850,265300,225108,195688,578023,738783,1197768,1456813,1268105
20200630,272000,273000,267500,267500,273300,271200,264300,223233,194775,624089,839425,1283987,1493261,1275868
20200629,269000,273500,266000,267500,276100,270750,263900,221283,193833,778818,1147860,1301724,1503144,1278704
20200626,279500,280000,268000,274500,277400,269250,263725,219417,192875,812726,1393828,1316968,1500162,1283099
20200625,278500,282000,273500,274500,275200,268400,263175,217392,191858,900258,1415308,1358623,1496560,1280691
20200624,281500,284000,275000,282500,273000,267450,262800,215358,190850,1081233,1431485,1438363,1492102,1281670
20200623,279000,289000,277000,281500,269100,265400,261700,213158,189775,2166267,1447679,1485100,1491913,1278544
20200622,263500,276000,260500,274000,265400,262700,261125,211042,188663,2008656,1197517,1540501,1475502,1263946
20200619,267500,269500,262000,263500,261100,260950,260825,209050,187600,920126,1105632,1572757,1442439,1251658
20200618,264500,267000,260500,263500,261600,259700,260000,207050,186642,981144,1259402,1621104,1450239,1262479
20200617,261500,268000,258000,263000,261900,258750,258700,205150,185696,1162204,1408083,1642484,1447193,1275556
20200616,260500,263000,258000,263000,261700,257400,257125,203000,184754,915456,1490733,1673071,1441833,1292138
20200615,266000,271000,250000,252500,260000,257050,254975,200967,183821,1549230,1474614,1692744,1444085,1295339
20200612,256500,268000,256000,266000,260800,258200,253400,199217,182971,1688975,1448184,1652509,1416123,1289869
20200611,264000,268000,261000,265000,257800,257950,251175,197242,182017,1724551,1311841,1644264,1385655,1282595
20200610,256500,263500,256500,262000,255600,258150,249175,195475,181067,1575452,1212721,1631027,1361374,1280552
20200609,255500,259500,252500,254500,253100,258000,246900,193792,180129,834862,1358109,1607935,1340161,1274595
20200608,252500,258000,248500,256500,254100,259550,244900,192367,179258,1417078,1386906,1644347,1337747,1269852
20200605,253000,253500,247500,251000,255600,260700,242450,190975,178367,1007264,1320230,1625914,1325340,1262081
20200604,247500,257000,247000,254000,258100,260300,240200,189583,177538,1228950,1447941,1645821,1320353,1258721
20200603,259500,261500,247500,249500,260700,258650,237800,188275,176700,2302391,1701161,1715859,1303273,1247712
20200602,262500,263000,257000,259500,262900,256850,235300,187108,175867,978846,1643878,1702536,1271808,1223035
20200601,263500,266000,259500,264000,265000,252900,231650,185775,175004,1083698,2102967,1704564,1267195,1218541
20200529,263500,267500,257500,263500,265800,248600,227650,184292,174113,1645822,2416983,1683355,1266164,1210962
20200528,257500,270000,252500,267000,262500,244400,223725,182817,173221,2495048,2465231,1634496,1241725,1196757
20200527,262000,267000,257000,260500,256600,240200,219575,181233,172292,2015974,2247969,1545842,1203323,1172222
20200526,273500,279500,261000,270000,250800,235800,215700,179867,171429,3274293,2199566,1498727,1175266,1151706
20200525,251000,270000,249000,268000,240800,230250,211475,178433,170492,2653776,1806488,1410503,1125668,1105741
20200522,237500,248500,235000,247000,231400,224200,206925,177058,169571,1887064,1424639,1312121,1091108,1071458
20200521,237500,240000,234500,237500,226300,220100,203350,176000,168817,1408737,1352043,1279374,1083166,1053219
20200520,223500,234500,222000,231500,223800,216950,200225,175200,168113,1773960,1362258,1251902,1092092,1039048
20200519,221500,222500,214000,220000,220800,213750,197250,174517,167467,1308903,1230188,1210594,1101671,1018605
20200518,221500,225500,218500,221000,219700,210400,194525,174017,166938,744533,1281026,1195426,1096637,1019507
20200515,228500,231500,216000,221500,217000,206700,191450,173367,166400,1524083,1341802,1179737,1108550,1016886
20200514,216000,228000,214000,225000,213900,203050,188250,172683,165867,1459813,1318067,1127045,1101760,996974
20200513,211500,216500,211500,216500,210100,198950,185050,171933,165288,1113608,1552046,1091721,1105314,988446
20200512,209000,216500,206000,214500,206700,195600,182125,171308,164771,1563095,1736514,1072386,1107926,1001185
20200511,207000,211500,206500,207500,201100,192700,179300,170600,164263,1048413,1627776,1031147,1082604,981932
20200508,206500,210000,204000,206000,196400,189650,176925,169975,163813,1405404,1549996,1024766,1080165,969577
20200507,199500,207500,198500,206000,192200,186600,174650,169358,163379,2629709,1402643,994886,1065171,952407
20200506,189000,200000,188000,199500,187800,183500,172225,168717,162929,2035947,1021094,890688,1013639,917281
20200504,181500,190000,180000,186500,184500,180750,170100,168158,162525,1019409,828641,841080,983284,892549
20200429,184000,186500,182500,184000,184300,178650,168300,167767,162229,659512,926719,829825,975529,883175
20200428,185500,186500,181500,185000,182900,176200,166875,167442,161933,668638,932046,848973,974766,878762
20200427,183000,187000,181500,184000,181000,173450,165275,167017,161613,721963,1044744,848953,977888,874683
20200424,184500,188500,182000,183000,179200,171150,163700,166600,161292,1073684,1072212,860805,985411,868419
20200423,181500,186500,180500,185500,177000,168650,162075,166250,160946,1509799,1047034,851805,978196,857506
20200422,174000,177000,171500,177000,173000,165900,160525,165883,160550,686146,946180,840834,953360,836595
20200421,176500,177500,168500,175500,169500,164200,159400,165642,160238,1232126,895103,870096,951126,833713
20200420,172500,179000,172000,175000,165900,162700,157800,165475,159942,859303,742728,886958,940141,818568
20200417,169000,172500,167500,172000,163100,160950,156525,165325,159650,947794,721532,932281,932621,812652
20200416,159000,167000,158500,165500,160300,159450,154625,165208,159379,1005533,677357,992748,922611,803341
20200414,159500,160500,158000,159500,158800,157950,153400,165258,159167,430759,623911,997848,931548,792924
20200413,161000,161000,157000,157500,158900,157550,152800,165408,158971,470251,721919,1037362,935460,791657
20200410,158500,161500,157000,161000,159500,157100,152300,165642,158771,753323,789430,1076474,931939,788154
20200409,161000,161000,157500,158000,158800,156250,152200,165792,158533,726920,747915,1118907,936808,783300
20200408,159000,160500,158000,158000,158600,155500,152350,165942,158304,738303,811289,1143465,965585,778240
20200407,163500,164500,158500,160000,157100,155150,152900,166092,158088,920798,822487,1134061,957325,773863
20200406,158500,161000,157500,160500,156200,154600,153550,166175,157871,807805,846823,1135565,941983,765214
20200403,158500,159000,155000,157500,154700,152900,153900,166233,157654,545749,818912,1135456,931168,766390
20200402,152000,157000,149000,157000,153700,152100,154800,166267,157467,1043790,901560,1136590,930577,771487
20200401,156000,158500,150000,150500,152400,149800,155925,166317,157296,794295,871540,1125488,918283,768094
20200331,155000,159000,152000,155500,153200,148850,157375,166383,157163,1042474,970756,1121233,909850,761418
20200330,149500,154500,147500,153000,153000,148050,158350,166333,156988,668254,1016539,1100560,893657,749291
20200327,156500,157000,149000,152500,151100,147500,159450,166325,156825,958988,1196763,1106822,887548,742170
20200326,155000,156000,150000,150500,150500,148150,160425,166342,156683,893688,1358117,1110018,872225,733330
20200325,160500,162500,151000,154500,147200,149200,161825,166392,156575,1290376,1610808,1104587,860356,729945
20200324,150500,155000,147000,154500,144500,150650,163300,166283,156417,1271387,1574238,1065887,834476,713787
20200323,138000,148000,137500,143500,143100,152500,164850,166150,156258,1569378,1564170,1032156,815522,698728
20200320,138000,151000,134500,149500,143900,154900,166850,166233,156200,1765756,1500791,993324,784373,677295
20200319,145500,147000,127500,134000,145800,157500,168850,166242,156088,2157141,1468037,932961,752838,656956
20200318,148500,152000,140500,141000,151200,162050,171675,166508,156121,1107527,1280222,852474,708638,623935
20200317,141000,150500,140000,147500,156800,165900,174125,166675,156067,1221046,1168762,865247,690463,609688
20200316,162000,164000,147500,147500,161900,168650,175850,166725,155967,1252484,1114728,833558,668804,593935
20200313,150000,161500,145000,159000,165900,171400,177500,166792,155867,1601985,1025359,787404,643994,578012
20200312,167000,169000,158500,161000,169200,172700,178550,166658,155683,1218070,818647,754709,615497,558926
20200311,172000,174500,167000,169000,172900,174450,179450,166467,155442,550227,739382,787704,595627,550464
20200310,164500,174500,164000,173000,175000,175950,179600,166150,155133,950875,771174,780589,593763,549295
20200309,171000,171500,166000,167500,175400,177200,179450,165758,154800,805638,706802,748401,580039,542048
20200306,176500,178500,174000,175500,176900,178800,179525,165492,154533,568424,704374,726880,581856,533076
20200305,182500,183000,176500,179500,176200,180200,179125,165125,154179,821744,795272,724563,588936,530526
20200304,174000,181000,174000,179500,176000,181300,178450,164625,153817,709188,787936,711078,589397,530854
20200303,180500,181000,175000,175000,176900,182350,177625,164233,153446,629017,749374,698467,581510,522920
20200302,174500,176500,169500,175000,179000,183050,177100,163933,153142,793495,742923,686755,573656,516361
20200228,174500,176500,170500,172000,180700,183600,176325,163625,152829,1022917,742771,668275,559845,507306
20200227,184000,185500,176500,178500,184200,184400,175675,163350,152538,785062,649887,634433,544987,498111
20200226,183500,185500,181500,184000,186600,184450,174850,162992,152171,516378,602355,616125,542624,488664
20200225,182000,186000,180000,185500,187800,183250,173825,162550,151746,596763,771679,603064,537737,484968
20200224,184500,186000,182000,183500,187100,181700,172675,162083,151313,792733,769777,598888,532014,481045
20200221,188500,191500,187500,189500,186500,180250,171775,161633,150900,558497,677112,575422,519280,472838
20200220,190500,191500,188000,190500,184600,178050,170600,161025,150425,547405,755030,572715,518954,469113
20200219,184000,190500,183500,190000,182300,175600,169325,160417,149946,1362998,1021145,564802,509665,471104
20200218,180500,183500,179000,182000,178700,172900,168250,159858,149471,587253,830129,515678,481909,453932
20200217,180000,182000,179000,180500,176300,171150,167575,159433,149050,329408,774102,504051,474124,449532
20200214,181000,184500,179000,180000,174000,169050,167125,159050,148646,948085,783262,500583,473316,450248
20200213,174500,181500,173500,179000,171500,166950,166625,158642,148233,1877980,698065,476285,461034,439131
20200212,169500,172000,168000,172000,168900,165250,166025,158233,147821,407917,432878,403550,431844,418688
20200211,169000,170000,168000,170000,167100,164400,165775,157925,147475,307120,442685,406938,433648,418172
20200210,167500,169500,166000,169000,166000,163650,165525,157650,147154,375209,460216,411677,438872,419659
20200207,167000,170500,166000,167500,164100,163300,165275,157400,146829,522100,469956,436833,436175,421902
20200206,165500,168000,163500,166000,162400,163150,164875,157142,146533,552044,434749,453309,433507,428213
20200205,166500,167000,161500,163000,161600,163050,164575,156892,146208,456954,408122,467716,440742,439382
20200204,161500,165500,160500,164500,161700,163600,164150,156692,145879,394773,367764,464554,435147,440379
20200203,156000,160500,156000,159500,161300,164000,163550,156425,145525,423907,391455,460558,431164,442179
20200131,162500,164000,158500,159000,162500,165200,163200,156208,145217,346067,371358,451415,426821,442389
20200130,163000,165500,160500,162000,163900,166300,162925,155983,144963,418908,403015,455541,429951,448572
20200129,165500,166000,162500,163500,164500,166800,162500,155642,144667,255167,397064,469123,424934,453693
20200128,160000,163500,159500,162500,165500,167150,161725,155217,144363,513228,422133,472410,425920,453629
20200123,168000,168000,164500,165500,166700,167400,160925,154833,144058,323420,390432,465140,422124,451196
20200122,166000,169000,164500,166000,167900,167250,160075,154408,143754,504350,377758,463139,421546,456905
20200121,168500,169000,163500,165000,168700,166600,159275,153975,143463,389155,369311,465194,417313,451775
20200120,169000,170000,167000,168500,169100,166100,158525,153550,143179,380510,376138,454528,424255,453458
20200117,171500,172500,168000,168500,168800,164700,157650,153075,142908,354724,395169,448140,423059,464545
20200116,170000,172000,170000,171500,168100,163100,156750,152533,142638,260049,404605,444196,422272,464259
20200115,167000,170500,166500,170000,166600,161200,155750,151900,142325,462119,528259,446048,425080,463494
20200114,167500,168500,165500,167000,164500,159550,154800,151275,142033,423286,606159,445783,420554,461341
20200113,165500,167500,165000,167000,163100,158200,153925,150667,141738,475667,689539,460138,426257,464590
20200110,165000,166500,163000,165000,160600,156300,153075,150083,141438,401906,673149,460358,423790,469220
20200109,163500,165500,162500,164000,158100,154450,152300,149567,141171,878319,655737,466066,423649,465693
20200108,158500,162000,156500,159500,155800,152900,151675,149075,140913,851619,528283,435517,414437,456346
20200107,155000,160000,154500,160000,154600,151950,151375,148667,140679,840186,443677,413706,415665,446129
20200106,150500,155000,150000,154500,153300,150950,150850,148275,140433,393715,413749,413769,425215,443699
20200103,153500,155000,151000,152500,152000,150600,150925,147942,140238,314848,399190,405741,428291,440885
20200102,154000,154500,152000,152500,150800,150400,151150,147642,140058,241047,409784,401771,432990,441371
20191230,154000,155000,153000,153500,150000,150300,151350,147325,139854,428587,418255,402228,437877,441327
20191227,149500,154000,149000,153500,149300,150050,151450,147025,139688,690548,441627,404361,445088,436723
20191226,146000,148000,146000,148000,148600,149650,151625,146758,139513,320921,338687,380745,445978,429419
20191224,148000,150000,144500,146500,149200,149850,152100,146550,139371,367817,325053,379430,444239,427437
20191223,151000,151000,148000,148500,150000,150150,152650,146367,139246,283403,306656,379109,444224,424119
20191220,150000,153000,149500,150000,150600,150450,153050,146167,139088,545445,309395,379952,453789,422909
20191219,150500,151000,149000,150000,150800,150800,153200,145933,138933,175849,291670,369432,445066,418850
20191218,150500,152000,149500,151000,150700,150750,153400,145733,138779,252752,398576,393982,452922,423698
20191217,151500,152000,149500,150500,150500,151250,153675,145458,138600,275832,444040,397979,472748,422940
20191216,151000,152000,150000,151500,150300,151900,153975,145208,138433,297095,492088,400349,474291,424313
20191213,150500,151000,148500,151000,150300,152400,154275,144942,138221,456822,486135,404112,472217,423409
20191212,151000,151500,149000,149500,150800,152850,154500,144708,138017,710378,477849,395325,469121,427205
20191211,150500,150500,147500,150000,150800,153600,154750,144417,137788,480071,504065,392377,466815,420801
20191210,150000,151500,147000,149500,152000,154350,154925,144117,137554,516074,454679,387221,473651,419691
20191209,154000,154500,151000,151500,153500,155150,155125,143842,137317,267330,398555,381232,465506,423330
20191206,149000,154000,149000,153500,154500,155650,155250,143575,137067,415390,395127,393356,466761,424051
20191205,155500,156000,148500,149500,154900,155600,155175,143233,136829,841460,406300,417625,462341,428348
20191204,156000,156000,154500,156000,156400,156050,155250,143008,136638,233141,281652,436661,458663,417511
20191203,155500,157000,154000,157000,156700,156100,155000,142658,136371,235453,293948,450842,458457,423603
20191202,156000,156500,153500,156500,156800,156050,154575,142350,136100,250192,319137,464209,461172,426867
20191129,156000,159000,153500,155500,156800,156150,154075,142033,135829,471253,329153,473525,460877,427555
20191128,156500,157500,155500,157000,156300,156150,153575,141725,135533,218221,301910,485815,452904,429297
20191127,158500,159000,156500,157500,155700,155900,152800,141350,135229,294619,391636,511211,453756,432367
20191126,157000,158500,156500,157500,155500,155500,151825,140942,134913,361401,399248,509048,451441,433323
20191125,153500,156500,153500,156500,155300,155100,150925,140542,134621,300270,391614,509339,446625,431558
20191122,153000,155500,152000,153000,155500,154850,150100,140167,134354,335038,406033,527625,444387,434883
20191121,156500,157000,151000,154000,156000,154750,149450,139825,134117,666854,395242,520701,443559,435548
20191120,156000,159000,155500,156500,156100,154450,148725,139475,133846,332676,392154,511863,438557,431335
20191119,157500,157500,155500,156500,155500,153900,147900,139083,133567,323233,401010,547517,435420,435743
20191118,155500,158000,155500,157500,154900,153100,146875,138667,133279,372362,415622,548234,436295,435100
20191115,154500,155500,153500,155500,154200,152000,145675,138242,133000,281084,443112,540321,433057,435050
20191114,154500,155000,152000,154500,153500,151000,144525,137825,132738,651414,567050,542916,443146,434073
20191113,152500,154000,151000,153500,152800,149700,143325,137408,132496,376959,681204,541254,435014,428217
20191112,154000,154500,152000,153500,152300,148150,142250,137025,132258,396292,709161,560082,435925,427576
20191111,153000,155000,152000,154000,151300,146750,141275,136658,132033,509809,730463,549779,444380,427003
20191108,152000,155000,151000,152000,149800,145350,140300,136258,131788,900774,715803,540166,439399,422924
20191107,152000,154500,147000,151000,148500,144150,139450,135925,131633,1222184,679058,507057,433709,420920
20191106,149000,151000,148000,151000,146600,143000,138725,135525,131475,516744,579851,480665,407937,416485
20191105,146000,149000,145500,148500,144000,141900,137900,135067,131333,502806,526775,466073,409984,414948
20191104,146500,147500,145500,146500,142200,140650,137200,134625,131167,436509,499656,458134,408195,418473
20191101,142500,146000,142000,145500,140900,139350,136550,134225,131029,717046,545552,448229,404570,421153
20191031,139000,144000,138500,141500,139800,138050,136050,133942,130871,726151,441453,419992,401039,416609
20191030,140500,140500,137500,138000,139400,136950,135850,133692,130763,251362,394241,396301,392945,408659
20191029,141500,142000,138000,139500,139800,136350,135725,133508,130675,367213,553123,393833,395460,409380
20191028,142000,145000,139500,140000,139100,135800,135525,133283,130579,665988,547195,383910,392667,411051
20191025,140000,141000,139500,140000,137800,135250,135350,133100,130438,196552,456817,361149,388512,406095
20191024,140500,142000,139000,139500,136300,134750,135150,132950,130271,490092,484104,366418,392972,414510
20191023,136000,140000,135500,140000,134500,134450,135075,132808,130104,1045771,509719,365251,391071,427938
20191022,134000,136000,134000,136000,132900,133900,134800,132742,129896,337570,451268,323323,379856,422046
20191021,132500,134000,131000,133500,132500,133750,134775,132742,129729,214102,421802,324357,378532,424245
20191018,131000,133500,131000,132500,132700,133750,134875,132750,129600,332984,442493,325793,382414,427486
20191017,131500,132500,129000,130500,133200,134050,135100,132792,129467,618170,423613,343375,379651,432873
20191016,134000,134500,128500,132000,134400,134750,135175,132808,129363,753513,438848,328774,371698,425417
20191015,135000,135000,133000,134000,134900,135100,135175,132792,129238,190243,333127,311769,361323,418336
20191014,136000,136500,134000,134500,135000,135250,135125,132775,129092,317555,363882,338980,365615,420559
20191011,136500,137500,134500,135000,134800,135450,135175,132750,128950,238584,348055,338631,364303,428326
20191010,133000,137000,132500,136500,134900,135550,135075,132692,128804,694345,330800,360362,377852,429359
20191008,134500,135000,133500,134500,135100,135700,135050,132592,128588,224907,242394,335208,384395,426552
20191007,134000,135000,133000,134500,135300,135700,135075,132533,128321,344020,237814,353895,389385,428019
20191004,134500,136000,133500,133500,135500,135800,135275,132475,128054,238417,202762,358256,398643,430013
20191002,136500,137000,135500,135500,136100,136000,135475,132383,127796,152309,197232,360911,407614,435722
20191001,136000,138000,136000,137500,136200,136150,135550,132350,127504,252319,227154,382085,414917,440824
20190930,134500,136000,134000,135500,136300,135600,135400,132267,127208,202006,270041,389589,414839,442663
20190927,136500,136500,134500,135500,136100,135250,135275,132192,126933,168760,271085,397087,417154,444307
20190926,137000,137500,135000,136500,136100,135000,135175,132125,126658,210766,308980,401424,424621,445902
20190925,137500,138500,136000,136000,135900,134900,135050,132008,126375,301919,315391,415875,428568,449619
20190924,135000,138000,134500,138000,136100,134600,134875,131933,126104,466753,391933,419527,438556,450626
20190923,135000,136500,134500,134500,134900,134400,134625,131825,125813,207227,363811,416891,459282,454583
20190920,135500,135500,133000,135500,134400,134450,134550,131742,125554,358235,405050,436388,471408,459730
20190919,136500,137500,135000,135500,133900,134750,134350,131658,125279,242822,480296,432708,474189,469708
20190918,133000,137000,133000,137000,133900,134950,134175,131500,125004,684630,493845,439036,478333,470767
20190917,132000,134000,132000,132000,133100,134950,133850,131325,124729,326141,491560,415927,477622,472830
20190916,134500,135000,131000,132000,133900,135200,133725,131158,124479,413424,464586,414622,473739,472193
20190911,135500,136000,133000,133000,134500,135300,133650,130992,124246,734465,501630,410877,471620,468285
20190910,133000,135500,132500,135500,135600,135350,133575,130792,123992,310565,440987,392250,461349,461779
20190909,135000,135500,132000,133000,136000,135200,133300,130558,123713,673204,437175,389976,473173,462431
20190906,135000,136500,135000,136000,136800,135150,133250,130425,123458,191271,417692,395342,463857,457166
20190905,138000,139000,134500,135000,136500,134850,132800,130267,123221,598646,459920,433582,472223,466434
20190904,137000,139000,136500,138500,136100,134650,132225,130083,122992,431250,410582,424875,465081,460001
20190903,137500,138000,136000,137500,135100,133950,131400,129850,122725,291503,375433,439030,465891,456885
20190902,134000,137500,133500,137000,134400,133400,130650,129625,122446,575791,417088,454318,473128,460476
20190830,134000,135500,134000,134500,133500,132750,130225,129342,122167,402408,376921,447748,470194,459832
20190829,133000,133500,131000,133000,133200,132250,129825,129108,121929,351957,379246,440088,469199,458253
20190828,134000,135000,132500,133500,133200,132000,129525,128883,121717,255507,428291,437220,467917,466515
20190827,133500,135000,133000,134000,132800,131800,129150,128700,121475,499775,434116,447817,468142,467524
20190826,130000,133000,129500,132500,132400,131400,128900,128542,121238,374958,408037,441262,466491,464611
20190823,132000,133500,130500,133000,132000,131350,128825,128408,121021,414033,377535,457585,466175,466040
20190822,131500,135000,131500,133000,131300,130750,128725,128217,120817,597184,354737,501674,473429,464525
20190821,131000,133000,130500,131500,130800,129800,128875,128050,120571,284628,303004,506427,471401,464003
20190820,131000,132000,129500,132000,130800,128850,129100,127892,120350,369383,318464,515671,488208,468429
20190819,130500,131500,129500,130500,130400,127900,129200,127758,120113,222446,297604,517629,486632,475041
20190816,129500,130000,128000,129500,130700,127700,129425,127650,119844,300046,409218,539318,501281,478419
20190814,133000,133000,129000,130500,130200,127400,129525,127583,119593,338519,540426,532856,500979,487429
20190813,130000,132500,129000,131500,128800,127050,129550,127492,119329,361927,557621,532362,496989,493370
20190812,133000,133500,129500,130000,126900,126500,129625,127408,119064,265084,628105,530447,496544,502329
20190809,128000,133000,127500,132000,125400,126400,129775,127317,118814,780515,694542,556370,498658,584945
20190808,128000,129000,125500,127000,124700,126300,129750,127342,118564,956084,627320,532373,488078,581251
20190807,124500,125000,121500,123500,124600,126700,129925,127425,118352,424495,485942,510865,482860,586000
20190806,118500,124500,117500,122000,125300,127950,130300,127600,118160,714349,459965,505287,477563,601603
20190805,128000,129000,121500,122500,126100,129350,130750,127708,117961,597268,410583,492752,465812,599444
20190802,126000,130000,123500,128500,127400,130500,131025,127833,,444403,364865,491938,463554,606272
20190801,126000,128500,125500,126500,127900,131150,131275,127800,,249194,416265,492639,465873,621411
20190731,125000,128000,124500,127000,128800,131650,131575,127833,,294609,625590,498311,467335,628928
20190730,128500,129500,126000,126000,130600,132050,131775,127842,,467439,705119,498614,481162,635096
20190729,130000,132000,128000,129000,132600,132750,132050,127875,,368682,705530,488466,477377,645622
20190726,129000,132000,127000,131000,133600,133150,132075,127775,,701403,713504,491719,476286,651853
20190725,136000,136000,128000,131000,134400,133200,132100,127592,,1295817,704467,474766,470268,648411
20190724,136000,138000,134000,136000,134500,133150,132125,127400,,692256,479468,445184,445950,635359
20190723,134000,136500,133000,136000,133500,132650,131800,127050,,469494,406744,436376,442791,629934
20190722,134500,136000,133500,134000,132900,132150,131525,126717,,408551,377571,460746,444808,626979
20190719,132000,135500,131500,135000,132700,131550,131125,126450,,656218,452570,455635,453747,627556
20190718,130500,132500,130500,131500,132000,131400,130700,126142,,170819,381439,463245,447970,620943
20190717,132000,132500,129500,131000,131800,131500,130225,125917,,328637,452459,469102,464716,625721
20190716,133500,134000,132000,133000,131800,131500,129775,125683,,323628,449320,461616,473874,625738
20190715,132500,136000,131000,133000,131400,131350,129175,125408,,783546,477323,462640,488270,627743
20190712,131000,132500,129500,131500,130400,131000,128600,125150,,300566,436813,440946,599232,625569
20190711,131000,133000,130500,130500,130800,131000,128275,124917,,525918,468384,443782,605690,649630
20190710,132000,132000,129000,131000,131200,131100,128075,124583,,312943,435727,454856,623568,661348
20190709,128500,132000,128000,131000,131200,130950,127725,124108,,463640,433272,449840,649761,658838
20190708,133500,133500,128000,128000,131300,130900,127400,123633,,581000,393441,438873,652791,655341
20190705,133000,134000,131500,133500,131600,130700,127200,123208,,458417,363988,435171,663439,650046
20190704,131000,132500,129500,132500,131200,130000,126525,122658,,362634,344776,439108,685798,648790
20190703,131500,132000,130000,131000,131000,128950,125925,122150,,300667,413081,436359,694236,646137
20190702,129500,131500,128000,131500,130700,128050,125350,121675,,264488,456167,463710,703337,643328
20190701,132500,133000,129000,129500,130500,127000,124900,121192,,433735,594649,466288,724200,643271
20190628,131500,133000,130000,131500,129800,126200,124650,120742,,362354,569168,460853,731920,640944
20190627,131000,133500,130000,131500,128800,125550,124300,120275,,704159,658382,465769,735233,638693
20190626,131000,132500,129000,129500,126900,125050,123800,119800,,516097,575141,446717,730447,630560
20190625,129000,131000,127500,130500,125400,124500,123475,119367,,956899,507706,449207,726713,624522
20190624,127000,128000,125500,126000,123500,123900,123050,118900,,306333,385147,428869,710096,611289
20190621,124500,128000,124000,126500,122600,123700,122950,118508,,808423,393813,451860,713516,609662
20190620,122000,124000,120000,122000,122300,123050,122825,118133,,287954,303588,432695,699792,600479
20190619,122500,122500,121000,122000,123200,122900,123000,117800,,178919,395476,460330,704031,598543
20190618,121500,123000,120000,121000,123600,122650,123150,117500,,344107,402216,486132,707799,599554
20190617,125000,125000,121000,121500,124300,122800,123425,117192,,349662,382255,513901,710294,597655
20190614,127000,128000,124500,125000,124800,123100,123575,116867,,357300,413712,757518,717880,600028
20190613,124000,127500,123500,126500,123800,123050,124000,116492,,747390,449685,767597,752554,604157
20190612,124500,125000,122500,124000,122600,122550,124275,116175,,212619,361740,792281,764594,594989
20190611,124000,125000,122500,124500,121700,122450,124775,115900,,244302,488753,849683,763337,599174
20190610,120000,125000,119000,124000,121300,122200,124975,115600,,506951,503100,866709,763574,602504
20190607,120000,120500,117500,120000,121400,122200,125275,115267,,537162,466717,891707,757484,598062
20190605,121000,121500,119500,120500,122300,122600,125600,114992,,307665,451421,932488,753631,595456
20190604,122500,124000,116500,119500,122500,123100,126000,114750,,847685,454511,952113,751026,594928
20190603,123500,125500,122000,122500,123200,123650,126400,114550,,316035,398154,942964,733137,594013
20190531,124000,126000,123000,124500,123100,124050,126675,114250,,325040,444975,982112,731762,594252
20190530,122000,125500,122000,124500,123000,124050,126600,113933,,460680,533196,1002987,730989,593805
20190529,122500,123500,120500,121500,122900,124950,126375,113633,,323116,526088,1004698,725155,594002
20190528,121000,125000,120500,123000,123700,126000,126275,113417,,565899,629594,1014177,722481,602834
20190527,125000,126500,120500,122000,124100,127100,125875,113092,,550142,655406,1004218,712179,605624
20190524,123000,124000,120500,124000,125000,127750,125575,112808,,766145,725273,991323,702500,605654
20190523,125000,127000,123500,124000,125100,128350,125275,112467,,425136,1616445,975172,688564,613533
20190522,125500,126500,121500,125500,127000,128600,124900,112038,,840648,1643196,966889,684371,612623
20190521,126500,127500,125000,125000,128300,128900,124525,111602,,694961,1723278,947732,667649,603516
20190520,126500,128500,125500,126500,130100,129150,124125,111167,,899474,1856418,929465,656265,597407
20190517,129000,129500,124000,124500,130500,129300,123625,110720,,5222004,1793488,906687,639533,588868
20190516,132500,134000,130500,133500,131600,129150,123275,110312,,558891,950471,678242,521283,505687
20190515,135500,136000,130000,132000,130200,127800,122475,109787,,1241060,1109246,737511,522437,502301
20190514,127000,135000,126500,134000,129500,126550,121400,109278,,1360661,1001067,736907,496343,492510
20190513,130500,130500,127000,128500,128200,124650,119825,108720,,584824,861878,676991,473920,483985
20190510,128500,131000,127500,130000,128100,123400,118525,108213,,1006921,964711,660440,470401,482898
20190509,133500,133500,126500,126500,126700,122200,117150,,,1352763,911836,623261,451240,
20190508,126500,130000,125500,128500,125400,121200,115850,,,700167,740261,574774,426940,
20190507,126000,130000,126000,127500,123600,120150,114525,,,664716,702769,549940,416336,
20190503,126000,129000,125500,128000,121100,119100,113275,,,1098989,643170,523309,419538,
20190502,120000,124500,119500,123000,118700,117950,112000,,,742545,481819,481413,400322,
20190430,119000,121000,118500,120000,117700,117400,110975,,,494890,421937,458991,389214,
20190429,115500,119500,114000,119500,117000,117150,110150,,,512703,374854,445613,388654,
20190426,115500,117500,113000,115000,116700,116250,109325,,,366725,363814,430785,397163,
20190425,117500,118000,115000,116000,117100,115000,108750,,,292233,356393,420140,406326,
20190424,117500,118500,115500,118000,117200,113650,108075,,,443136,386731,413676,412820,
20190423,118500,119500,116000,116500,117100,112100,107300,,,259471,428725,401955,432714,
20190422,118000,120500,117000,118000,117300,110500,106675,,,457505,725685,401854,435489,
20190419,117000,119000,115000,117000,115800,108900,105875,,,329620,879978,387566,431408,
20190418,119000,119500,116000,116500,112900,107450,105225,,,443925,846524,383066,431378,
20190417,117000,119000,115500,117500,110100,106050,104525,,,653103,808498,372378,429958,
20190416,113500,118000,112500,117500,107100,104550,103750,,,1744272,730544,364323,419409,
20190415,104000,110500,103000,110500,103700,103150,103000,,,1228969,458297,307362,384696,
20190412,102500,102500,101500,102500,102000,102400,102850,,,162349,253199,255778,370312,
20190411,103000,103000,101500,102500,102000,102500,103100,,,253796,247150,270849,387483,
20190410,101000,103000,100500,102500,102000,102500,103300,,,263334,248604,280362,394127,
20190409,102000,102000,100000,100500,102000,102500,103375,,,383038,254757,279218,,
20190408,103000,103500,101500,102000,102600,102850,103525,,,203479,223617,279105,,
20190405,102500,103000,102000,102500,102800,102850,103725,,,132105,226148,282733,,
20190404,102500,103000,101500,102500,103000,103000,103975,,,261063,230491,315767,,
20190403,103000,104000,102000,102500,103000,103000,104075,,,294101,210872,319231,,
20190402,103500,104000,102000,103500,103000,102950,104225,,,227338,193793,319437,,
20190401,103500,104000,102000,103000,103100,102850,104375,,,216132,199816,331696,,
20190329,103000,104000,102500,103500,102900,103300,104650,,,153823,190939,363541,,
20190328,102000,104000,102000,102500,103000,103700,104650,,,162966,208097,392513,,
20190327,104500,104500,102000,102500,103000,104100,104775,,,208707,221539,411964,,
20190326,102500,105500,102000,104000,102900,104250,104825,,,257452,278197,463473,,
20190325,102000,104000,101500,102000,102600,104200,104540,,,171747,347718,469125,,
20190322,103000,104500,103000,104000,103700,104600,104405,,,239614,352827,475250,,
20190321,102000,104000,101500,102500,104400,104950,104150,,,230173,397657,479691,,
20190320,103000,103500,100000,102000,105200,105150,104010,,,492001,440433,487538,,
20190319,107500,108500,102500,102500,105600,105500,103910,,,605054,390126,474495,,
20190318,108000,108500,107000,107500,105800,105900,103885,,,197291,345271,462029,,
20190315,106500,108500,106500,107500,105500,106000,103585,,,463768,361018,484846,,
20190314,105000,107500,104500,106500,105500,105600,103235,,,444051,426821,504116,,
20190313,104000,106500,103500,104000,105100,105450,102815,,,240466,404082,507892,,
20190312,106500,107000,103500,103500,105400,105400,,,,380777,415633,,,
20190311,108000,108000,104500,106000,106000,104880,,,,276026,433978,,,
20190308,109000,109500,106500,107500,106500,104210,,,,792787,549381,,,
20190307,105500,107000,103500,104500,105700,103350,,,,330354,537475,,,
20190306,107000,108000,104000,105500,105800,102870,,,,298220,581800,,,
20190305,108000,108000,105500,106500,105400,102320,,,,472504,769937,,,
20190304,105500,109000,105000,108500,103760,101870,,,,853038,749533,,,
20190228,105000,106500,103500,103500,101920,101170,,,,733261,637774,,,
20190227,104500,105500,103000,105000,101000,100870,,,,551979,556811,,,
20190226,98400,103500,98400,103500,99940,100180,,,,1238902,523837,,,
20190225,99400,99800,98100,98300,99240,,,,,370483,322283,,,
20190222,99500,100500,98800,99300,99980,,,,,294247,319335,,,
20190221,99800,101000,98800,98900,100420,,,,,328444,391213,,,
20190220,100500,101000,98500,99700,100740,,,,,387109,495356,,,
20190219,101500,102000,100000,100000,100420,,,,,231131,521847,,,
20190218,102500,103000,101000,102000,,,,,,355745,,,,
20190215,101500,103500,100500,101500,,,,,,653634,,,,
20190214,97800,101000,96100,100500,,,,,,849160,,,,
20190213,96500,98900,95500,98100,,,,,,519566,,,,
